2762145,raj,Shekar,raja123@gmail.comm,1234567891,rajashekar432,rajashekar435,STUDENT
2762346,Varun,Namburi,varun123@gmail.com,1234567890,varun123,varun123,STAFF
12324,Pavan,Munaganti,pavan123@gmail.com,1234567890,pavan123,pavan123,ADMIN
102392,Rohit,Pablo,pablo.r@gmail.com,1234567890,pablo123,pablo123,STUDENT
2345678,Andrew,Roberts,AndrewRobs@mail.com,8572689748,andrew,andrew123,STAFF
1234567,Ujjanth,Arhan,ujj@mail.com,0987654321,ujj,ujj123,STUDENT
002722397,Rachel,Green,rachTheQueen@mail.com,8373569872,rach,rach123,STUDENT
1234567,Andrew,Robert,andrew.robs@mail.com,1234566811,and,and123,STAFF
987675,Ross,Geller,ross@mail.com,4152614241,rgg,rg123,STUDENT
